Open,High,low,Close,Volume
5.16,5.2,5.11,5.17,7396342.0
5.17,5.17,5.08,5.11,9054448.0
5.09,5.11,4.98,5.01,8558019.0
5.0,5.07,4.97,5.03,5253308.0
5.03,5.07,4.94,4.99,8878450.0
4.97,5.03,4.94,4.97,7148011.0
4.96,5.0,4.76,4.79,8560597.0
4.8,4.84,4.62,4.65,8097453.0
4.65,4.81,4.59,4.78,8273590.0
4.77,4.95,4.73,4.87,9497705.0
4.9,5.03,4.84,4.91,13784145.0
4.87,5.02,4.83,4.92,8974377.0
4.9,4.97,4.85,4.87,4811471.0
4.83,4.95,4.83,4.91,5198246.0
4.91,5.08,4.89,5.04,11659655.0
5.04,5.09,4.98,5.0,10002009.0
5.0,5.09,4.98,5.05,11310764.0
5.03,5.03,4.94,4.99,10202555.0
4.94,5.03,4.93,5.02,8976520.0
5.01,5.04,4.97,5.01,7523343.0
4.99,5.15,4.97,5.01,5532688.0
5.0,5.08,4.97,5.05,7124998.0
5.07,5.38,5.06,5.31,31705851.0
5.3,5.33,5.19,5.28,23497467.0
5.27,5.38,5.2,5.34,21170955.0
5.32,5.55,5.28,5.36,30828043.0
5.42,5.55,5.4,5.48,23301125.0
5.6,5.64,5.47,5.51,28205835.0
5.56,6.06,5.43,6.06,53590723.0
6.3,6.46,6.06,6.17,88629856.0
6.15,6.26,5.92,6.09,53135132.0
6.12,6.18,5.81,5.94,30839296.0
6.05,6.12,5.82,6.05,28837987.0
6.08,6.08,5.45,5.47,52469575.0
5.38,5.49,5.25,5.48,20785557.0
5.49,5.65,5.27,5.3,26043282.0
5.3,5.45,5.17,5.43,17958135.0
5.41,5.51,5.33,5.49,15366440.0
5.46,5.5,5.37,5.49,14464133.0
5.48,5.68,5.45,5.52,22472676.0
5.55,5.59,5.4,5.47,13951285.0
5.47,5.52,5.3,5.31,15914448.0
5.27,5.28,5.02,5.06,15859442.0
4.99,5.12,4.99,5.11,8768419.0
5.11,5.14,5.02,5.13,7344962.0
5.12,5.17,5.08,5.15,6534549.0
5.12,5.16,5.05,5.1,6062501.0
5.08,5.23,5.08,5.23,8582306.0
5.23,5.32,5.22,5.31,10380525.0
5.28,5.3,5.2,5.28,6657178.0
5.25,5.36,5.09,5.1,9246810.0
5.05,5.33,5.02,5.27,12153241.0
5.25,5.35,5.22,5.33,8414685.0
5.32,5.34,5.26,5.3,7854009.0
5.31,5.43,5.31,5.36,10019935.0
5.36,5.37,5.22,5.24,7447257.0
5.22,5.27,5.13,5.13,7500685.0
5.13,5.17,5.09,5.15,4887361.0
5.15,5.23,5.13,5.2,4385116.0
5.2,5.27,5.15,5.24,9050999.0
5.22,5.28,5.18,5.2,6981145.0
5.21,5.29,5.16,5.28,8408225.0
5.24,5.38,5.22,5.35,12140342.0
5.35,5.38,5.32,5.35,8139964.0
5.36,5.38,5.31,5.34,10749211.0
5.31,5.35,5.28,5.31,7291953.0
5.3,5.37,5.28,5.37,7710851.0
5.3,5.58,5.15,5.5,37657413.0
5.41,5.62,5.39,5.48,26240979.0
5.45,5.54,5.33,5.36,14081043.0
5.36,5.4,5.32,5.38,6329872.0
5.34,5.36,5.18,5.19,10578801.0
5.19,5.22,5.11,5.18,7449609.0
5.18,5.21,5.15,5.18,4207784.0
5.18,5.2,5.12,5.13,4869584.0
5.11,5.15,5.0,5.02,6660305.0
5.02,5.03,4.75,4.76,8277774.0
4.76,4.91,4.76,4.9,4693087.0
4.9,4.9,4.81,4.87,5660910.0
4.87,4.87,4.76,4.86,4741988.0
4.87,4.92,4.83,4.87,3552560.0
4.84,4.92,4.8,4.8,4464345.0
4.8,4.88,4.78,4.81,3654680.0
4.79,4.82,4.76,4.8,3463800.0
4.83,4.93,4.83,4.93,4744939.0
4.93,4.96,4.9,4.91,3644872.0
4.93,4.93,4.87,4.89,2460034.0
4.88,4.88,4.76,4.77,4022641.0
4.76,4.84,4.75,4.77,2980329.0
4.77,4.77,4.62,4.68,4600354.0
4.69,4.74,4.66,4.68,3139094.0
4.68,4.74,4.52,4.73,3758211.0
4.72,4.77,4.67,4.67,3253993.0
4.69,4.69,4.6,4.68,3045378.0
4.69,4.73,4.66,4.71,3029527.0
4.69,4.74,4.67,4.68,3187213.0
4.68,4.72,4.63,4.71,4075773.0
4.7,4.74,4.64,4.64,4481239.0
4.66,4.72,4.64,4.68,3689546.0
4.69,4.72,4.68,4.68,4222243.0
4.69,4.69,4.6,4.64,2387385.0
4.61,4.68,4.6,4.68,2028124.0
4.7,4.7,4.61,4.65,2648333.0
4.66,4.95,4.64,4.87,19127653.0
4.88,4.89,4.77,4.86,11148986.0
4.84,4.86,4.76,4.82,6833951.0
4.82,4.83,4.75,4.81,6459979.0
4.8,4.85,4.77,4.83,5758430.0
4.84,4.84,4.78,4.79,4378530.0
4.79,4.79,4.66,4.67,7337781.0
4.67,4.85,4.66,4.74,7566510.0
4.73,4.74,4.58,4.59,6379062.0
4.59,4.64,4.56,4.63,3560654.0
4.62,4.83,4.6,4.7,5578740.0
4.64,4.75,4.64,4.71,4541261.0
4.71,4.77,4.64,4.65,3715653.0
4.74,4.77,4.69,4.72,5554374.0
4.7,4.88,4.66,4.84,14232889.0
4.87,4.93,4.81,4.87,14436369.0
4.87,4.93,4.83,4.9,8419330.0
4.91,4.95,4.82,4.94,10063357.0
4.94,5.04,4.89,4.91,12810466.0
4.95,4.95,4.83,4.85,7686647.0
4.85,4.87,4.81,4.83,5371108.0
4.82,4.85,4.78,4.85,5517668.0
4.82,4.84,4.71,4.72,6468274.0
4.7,4.77,4.7,4.72,4034365.0
4.77,4.88,4.77,4.81,7045241.0
4.81,4.99,4.57,4.92,14063016.0
4.87,5.04,4.87,4.97,15925030.0
4.98,4.98,4.88,4.9,8126443.0
4.92,4.95,4.87,4.89,6065147.0
4.9,4.93,4.84,4.86,5576821.0
4.83,4.9,4.83,4.88,3934400.0
4.88,4.99,4.86,4.95,10052464.0
4.96,4.99,4.85,4.88,8552592.0
4.87,4.93,4.84,4.89,10817970.0
4.9,5.0,4.88,4.95,10246072.0
4.96,5.06,4.96,5.04,18406391.0
5.05,5.28,5.0,5.24,29892416.0
5.19,5.25,5.15,5.18,25510233.0
5.19,5.33,5.14,5.28,21457934.0
5.25,5.53,5.25,5.32,41835155.0
5.29,5.38,5.23,5.33,17467071.0
5.36,5.43,5.3,5.36,17299648.0
5.46,5.46,5.33,5.35,17003650.0
5.34,5.38,5.22,5.23,18973076.0
5.22,5.34,5.21,5.27,13240457.0
5.25,5.33,5.24,5.3,9096255.0
5.3,5.34,5.24,5.27,11756073.0
5.25,5.29,5.19,5.25,10984172.0
5.25,5.27,5.16,5.19,14573149.0
5.18,5.32,5.17,5.27,15430930.0
5.26,5.36,5.25,5.33,16365792.0
5.3,5.37,5.26,5.33,12955640.0
5.33,5.44,5.3,5.38,21048740.0
5.38,5.41,5.28,5.35,12448931.0
5.35,5.38,5.3,5.35,11287644.0
5.34,5.36,5.17,5.19,17645639.0
5.17,5.2,5.02,5.03,13504731.0
5.03,5.09,4.99,5.04,9037596.0
5.03,5.1,5.01,5.04,7225620.0
5.06,5.1,5.03,5.09,6013160.0
5.09,5.21,5.05,5.18,10338835.0
5.18,5.23,5.1,5.23,14357263.0
5.21,5.25,5.18,5.23,14212899.0
5.23,5.31,5.21,5.28,16862544.0
5.28,5.37,5.25,5.35,16791544.0
5.35,5.35,5.27,5.32,13068645.0
5.33,5.33,5.21,5.27,15311194.0
5.26,5.41,5.26,5.36,28027241.0
5.36,5.45,5.31,5.43,23635965.0
5.41,5.53,5.37,5.52,31444882.0
5.49,5.55,5.31,5.33,29389715.0
5.33,5.57,5.29,5.55,26984287.0
5.56,5.72,5.47,5.56,32437464.0
5.66,5.72,5.57,5.62,27064566.0
5.57,5.57,5.37,5.43,23139996.0
5.41,5.48,5.38,5.46,21135092.0
5.45,5.51,5.41,5.5,19608482.0
5.5,5.6,5.46,5.52,21992598.0
5.49,5.72,5.46,5.67,33618581.0
5.73,5.97,5.67,5.77,42555958.0
5.8,5.94,5.77,5.88,35846170.0
5.9,6.01,5.81,6.0,26951021.0
6.01,6.08,5.87,6.04,33929880.0
6.0,6.02,5.84,5.88,24415763.0
5.81,5.95,5.68,5.93,27047035.0
5.86,6.05,5.85,6.03,27489841.0
6.0,6.38,5.98,6.28,42835534.0
6.2,6.33,6.06,6.07,26429260.0
6.04,6.4,5.78,6.33,40512638.0
6.34,6.52,6.2,6.5,32704220.0
6.42,6.59,6.33,6.36,24105533.0
6.34,6.45,6.06,6.13,33126242.0
6.09,6.14,5.97,6.05,16574120.0
6.04,6.16,5.88,5.93,15138404.0
5.94,6.04,5.82,5.98,11025756.0
6.04,6.13,6.0,6.11,14725445.0
6.12,6.2,6.06,6.14,23204235.0
6.11,6.2,6.06,6.15,16063782.0
6.15,6.16,6.0,6.03,22264034.0
6.05,6.17,6.03,6.11,15873208.0
6.11,6.19,6.07,6.16,17243519.0
6.17,6.21,6.08,6.17,17397044.0
6.17,6.33,6.14,6.29,24893563.0
6.3,6.32,6.03,6.07,21693617.0
6.07,6.25,6.06,6.2,17339426.0
6.22,6.25,5.85,5.91,22887705.0
5.88,6.01,5.85,5.99,11547062.0
5.99,6.15,5.9,6.1,17507625.0
6.08,6.34,6.01,6.23,38444989.0
6.18,6.32,6.12,6.27,28610493.0
6.23,6.27,6.16,6.19,14999355.0
6.2,6.4,6.16,6.37,33293772.0
6.33,6.42,6.3,6.35,20715172.0
6.38,6.39,6.28,6.31,17640452.0
6.35,6.38,6.25,6.3,18813906.0
6.31,6.39,6.26,6.35,18758845.0
6.36,6.59,6.32,6.49,31496960.0
6.5,6.64,6.37,6.62,31001296.0
6.6,6.66,6.46,6.47,21750366.0
6.45,6.59,6.38,6.42,18069558.0
6.42,6.48,6.39,6.4,14155355.0
6.41,6.47,6.33,6.43,24968128.0
6.43,6.61,6.39,6.47,25632755.0
6.47,6.47,6.03,6.09,30636169.0
6.1,6.18,6.07,6.14,18519861.0
6.12,6.12,5.71,5.81,25655704.0
5.83,5.99,5.8,5.98,10299877.0
6.03,6.13,5.96,6.11,12779163.0
6.13,6.15,6.02,6.09,12359473.0
6.07,6.15,6.03,6.14,12072521.0
6.14,6.15,6.04,6.1,12107821.0
6.1,6.1,5.86,5.93,18132397.0
5.93,5.94,5.82,5.86,9342661.0
5.92,5.95,5.72,5.82,11233720.0
5.8,5.81,5.45,5.56,13820643.0
5.55,5.63,5.48,5.5,9130974.0
5.49,5.64,5.47,5.61,8683627.0
5.62,5.68,5.58,5.67,9583818.0
5.72,5.76,5.66,5.68,10762467.0
5.69,5.69,5.51,5.56,9846553.0
5.56,5.56,5.41,5.42,7773884.0
5.43,5.55,5.41,5.52,6515424.0
5.56,5.7,5.5,5.68,13155447.0
5.63,5.76,5.59,5.73,10731353.0
5.7,5.79,5.63,5.69,10756841.0
5.75,5.75,5.66,5.68,8454318.0
5.64,5.73,5.56,5.58,8266455.0
5.5,5.58,5.45,5.5,7025553.0
5.5,5.64,5.46,5.64,7027620.0
5.64,5.65,5.56,5.61,5836712.0
5.74,5.93,5.68,5.72,19319828.0
5.66,5.74,5.66,5.73,9387008.0
5.64,5.78,5.41,5.48,14646383.0
5.52,5.7,5.5,5.67,12274434.0
5.7,5.91,5.66,5.81,26545153.0
5.81,5.87,5.75,5.85,21227981.0
5.82,5.88,5.78,5.8,11746403.0
5.8,5.94,5.79,5.92,16605787.0
5.9,6.01,5.85,5.96,20986083.0
5.96,5.99,5.85,5.86,12284986.0
5.83,5.92,5.81,5.92,8167580.0
5.92,6.01,5.81,5.84,12746805.0
5.76,5.8,5.69,5.73,8806765.0
5.72,5.92,5.69,5.84,10397661.0
5.81,5.92,5.76,5.76,6471657.0
5.83,5.83,5.65,5.65,8906904.0
5.63,5.71,5.55,5.59,5573560.0
5.59,5.68,5.51,5.62,5489104.0
5.65,5.68,5.61,5.66,4784404.0
5.66,5.74,5.63,5.67,5981893.0
5.68,5.9,5.66,5.84,20704720.0
5.8,5.87,5.75,5.84,18248624.0
5.83,5.89,5.82,5.85,15981979.0
5.86,5.9,5.83,5.87,16702159.0
5.9,5.99,5.87,5.94,17088442.0
5.9,5.96,5.9,5.95,13562125.0
5.93,6.05,5.92,6.04,21231731.0
6.06,6.1,5.93,6.09,21762129.0
6.08,6.55,6.03,6.35,56727685.0
6.3,6.55,6.26,6.43,32624233.0
6.45,6.59,6.38,6.5,25921430.0
6.51,6.52,6.35,6.4,20179975.0
6.42,6.9,6.4,6.86,35173582.0
6.79,6.94,6.7,6.81,21124536.0
6.76,7.17,6.76,6.92,29039193.0
6.87,7.19,6.66,6.8,22985065.0
6.81,6.89,6.66,6.84,16298930.0
6.85,6.98,6.8,6.88,33061010.0
6.89,7.05,6.84,6.93,28006944.0
6.93,7.22,6.92,7.13,31853884.0
7.15,7.36,7.07,7.16,33924986.0
7.2,7.26,7.07,7.17,25489352.0
7.18,7.35,7.13,7.26,30038363.0
7.28,7.28,6.99,7.13,36280412.0
7.08,7.09,6.95,7.03,25794234.0
7.0,7.07,6.93,7.01,19276157.0
7.03,7.19,6.96,7.15,21463114.0
7.21,7.34,7.16,7.18,27441498.0
7.23,7.26,7.11,7.15,22629272.0
7.16,7.87,7.16,7.87,66648749.0
8.17,8.27,7.87,8.21,75625859.0
8.07,8.18,7.99,8.12,38293221.0
8.15,8.5,8.15,8.27,34251265.0
8.29,8.75,8.08,8.63,46837038.0
8.72,8.72,8.1,8.36,29349787.0
8.38,8.71,8.3,8.63,28407848.0
8.63,8.9,8.55,8.65,28376833.0
8.55,8.64,8.4,8.57,27648816.0
8.54,8.57,8.15,8.2,21835468.0
8.16,8.3,8.0,8.27,19245985.0
8.36,8.37,8.18,8.24,28544129.0
8.19,8.86,8.04,8.65,54935637.0
8.64,9.03,8.61,8.92,40906808.0
8.92,9.25,8.87,9.04,35852148.0
9.13,9.13,8.78,8.98,29714842.0
8.88,9.13,8.68,9.05,29367980.0
9.13,9.37,9.02,9.07,28582275.0
9.18,9.18,8.52,8.76,25077583.0
8.65,8.94,8.65,8.83,15249381.0
8.93,9.05,8.74,8.85,14595413.0
8.89,9.02,8.77,8.92,14361193.0
8.95,9.19,8.7,8.72,22512814.0
8.71,8.83,8.2,8.38,17712079.0
8.38,8.38,7.89,7.95,19274516.0
8.01,8.25,7.99,8.23,15317159.0
8.26,8.61,8.23,8.6,18362913.0
8.65,8.86,8.55,8.7,16997819.0
8.7,9.08,8.55,8.94,28115394.0
8.82,9.32,8.73,9.08,28239072.0
9.06,9.06,8.71,8.96,19854587.0
8.98,9.07,8.83,8.97,30469295.0
9.05,9.26,8.97,9.2,36172687.0
9.19,10.12,9.13,9.79,45041372.0
9.91,10.19,9.78,10.1,33040860.0
10.26,10.4,9.78,10.1,45763819.0
9.99,10.53,9.77,10.51,42036252.0
10.69,11.33,10.53,11.26,52708428.0
11.18,11.3,10.82,11.1,41818519.0
11.09,11.88,10.83,10.86,50157003.0
10.86,11.47,10.02,11.44,44524140.0
11.8,12.56,11.52,12.38,44634933.0
12.38,13.56,12.08,13.55,48407359.0
12.49,12.9,12.2,12.22,112516841.0
12.02,12.08,11.49,12.03,66464605.0
12.07,12.35,11.8,12.05,49693384.0
11.99,12.4,11.72,12.29,56644431.0
12.08,12.08,11.62,11.8,39185582.0
11.62,12.07,11.5,11.9,32463025.0
11.89,12.1,11.67,12.02,35209545.0
12.02,12.44,11.99,12.3,47718385.0
12.31,12.75,12.28,12.62,51401196.0
12.45,13.0,12.27,12.56,59875311.0
12.69,12.69,11.4,12.33,36913162.0
12.25,12.32,11.5,11.56,25478565.0
11.3,11.42,10.4,10.42,22830788.0
10.42,11.35,9.76,11.16,26322884.0
11.1,11.46,11.01,11.32,19806611.0
11.41,11.41,10.41,10.65,20354064.0
10.3,10.3,9.59,9.59,18288943.0
9.85,9.92,8.63,8.63,24175147.0
8.52,9.1,7.77,9.09,32495078.0
8.97,9.22,8.18,8.18,28298637.0
8.18,8.2,7.36,7.36,25644797.0
6.85,7.35,6.62,6.62,29730977.0
7.19,7.24,5.96,5.97,55330098.0
5.79,5.79,5.37,5.37,20412410.0
4.83,5.14,4.83,4.83,33999779.0
4.4,5.31,4.4,5.31,40645681.0
5.59,5.84,5.41,5.84,19943464.0
6.36,6.42,6.12,6.42,59477467.0
6.43,7.06,6.38,6.71,76967082.0
6.45,6.59,6.04,6.04,40440604.0
5.54,6.6,5.54,6.2,43971154.0
6.22,6.75,6.22,6.68,42297907.0
6.73,6.96,6.57,6.81,46614099.0
6.6,6.97,6.58,6.94,36154131.0
6.88,7.22,6.84,7.14,51120112.0
7.13,7.53,7.1,7.45,41161336.0
7.43,7.7,7.0,7.18,47798737.0
7.0,7.45,6.46,6.46,46749960.0
6.05,6.63,5.81,6.14,38959445.0
6.3,6.75,6.05,6.7,31147440.0
6.6,7.27,6.5,7.01,49296858.0
6.84,7.24,6.74,7.1,37520458.0
6.9,7.05,6.39,6.43,35247219.0
6.42,7.06,6.42,7.03,35147561.0
6.9,7.15,6.77,6.94,39714280.0
6.78,7.57,6.7,7.48,69727921.0
7.36,7.66,7.25,7.59,63353352.0
7.56,8.06,7.52,7.87,59630541.0
7.8,7.98,7.66,7.79,44022691.0
7.7,8.0,7.64,7.82,36250118.0
7.79,8.15,7.56,8.13,46613444.0
8.16,8.3,8.04,8.08,38879339.0
8.09,8.54,8.01,8.52,39763600.0
8.58,8.82,7.67,7.67,52507519.0
7.25,8.02,6.9,7.81,43058655.0
7.64,7.8,7.22,7.32,24853106.0
7.18,7.3,6.6,6.64,33049230.0
6.3,6.33,5.98,5.98,22996059.0
5.38,5.6,5.38,5.38,29604870.0
5.39,5.7,4.91,5.06,33246511.0
5.17,5.46,5.02,5.45,24323032.0
5.57,5.96,5.54,5.95,25456619.0
5.9,6.22,5.75,6.0,31182540.0
5.93,5.95,5.4,5.41,24906746.0
5.1,5.64,4.88,5.1,24941268.0
5.21,5.56,5.19,5.32,19720328.0
5.35,5.7,5.22,5.69,18840467.0
5.73,6.08,5.66,6.05,32605921.0
5.85,6.07,5.82,5.95,19208823.0
5.91,6.18,5.88,6.15,21003955.0
6.2,6.22,5.54,5.54,22908468.0
5.29,5.42,5.01,5.07,24136445.0
5.09,5.58,5.05,5.58,22424645.0
5.5,5.88,5.4,5.42,27417314.0
5.46,5.8,5.41,5.68,22109587.0
5.65,5.95,5.56,5.91,26788414.0
5.85,5.98,5.71,5.89,27666290.0
5.72,5.91,5.6,5.68,20217813.0
5.74,5.85,5.68,5.81,15991160.0
5.77,5.81,5.45,5.51,16514346.0
5.52,6.06,5.47,5.88,18026735.0
5.71,5.81,5.62,5.67,14907800.0
5.73,5.81,5.62,5.72,10871843.0
5.93,6.22,5.84,6.12,28514778.0
6.12,6.28,6.05,6.21,26664451.0
6.26,6.65,6.2,6.53,27821588.0
6.49,6.89,6.41,6.71,27948165.0
6.69,6.74,6.44,6.48,25369427.0
6.51,6.82,6.48,6.8,27524058.0
6.88,6.93,6.67,6.82,25650799.0
6.93,6.93,6.7,6.84,24187745.0
6.84,6.91,6.75,6.9,22863464.0
6.9,6.93,6.21,6.21,32625610.0
6.14,6.52,6.13,6.45,23341782.0
6.49,6.76,6.46,6.75,27758417.0
6.81,7.43,6.71,7.43,55887252.0
7.6,7.91,7.15,7.87,100611592.0
7.57,7.69,7.28,7.36,48456290.0
7.44,7.76,7.36,7.59,40445291.0
7.45,7.7,7.19,7.33,32803000.0
7.18,7.45,7.05,7.07,19848360.0
7.08,7.2,6.95,7.11,19074532.0
7.11,7.52,7.09,7.5,26421566.0
7.44,7.73,7.31,7.45,31849269.0
7.46,7.71,7.41,7.68,34710768.0
7.64,8.22,7.57,7.99,54537230.0
7.91,8.15,7.75,7.91,36015006.0
7.86,8.05,7.82,8.02,24434497.0
8.1,8.68,8.06,8.48,52389082.0
8.23,8.72,8.0,8.5,42245426.0
8.3,9.1,8.29,8.98,35761688.0
8.98,9.2,8.7,8.78,38765321.0
8.77,9.04,8.6,8.71,26110564.0
8.7,8.93,8.51,8.8,21769241.0
8.84,9.68,8.8,9.61,52764613.0
9.61,9.79,9.01,9.16,39847814.0
9.16,9.3,9.03,9.22,18584852.0
9.18,9.5,9.06,9.42,20115339.0
9.42,9.54,9.16,9.27,19926061.0
9.2,9.65,8.5,8.69,34031292.0
8.71,9.05,8.06,8.98,25182933.0
9.25,9.25,8.71,8.89,21524795.0
8.75,8.99,8.35,8.61,20342941.0
8.6,8.84,8.46,8.82,14511684.0
8.73,8.96,8.65,8.72,13759956.0
8.71,8.92,8.6,8.76,14130160.0
8.74,8.99,8.65,8.73,17312488.0
8.72,8.75,8.35,8.45,14492976.0
8.38,8.52,8.12,8.2,18738033.0
8.15,8.45,8.15,8.24,13236043.0
8.1,8.45,8.05,8.4,10269051.0
8.4,8.66,8.39,8.44,12247381.0
8.48,8.61,8.4,8.48,7734906.0
8.63,8.87,8.53,8.78,16012058.0
8.78,8.87,8.48,8.61,14517353.0
8.53,8.78,8.5,8.64,13460651.0
8.67,8.75,8.55,8.69,10407790.0
8.68,8.88,8.64,8.72,20046430.0
8.74,8.74,8.37,8.47,16250080.0
8.5,8.62,8.42,8.53,8645185.0
8.57,8.68,8.3,8.3,15351180.0
8.25,8.45,8.1,8.42,8909923.0
8.43,8.48,8.35,8.43,8685249.0
8.43,8.46,8.2,8.22,9670714.0
8.25,8.29,7.4,7.4,12015099.0
7.1,7.3,6.66,7.06,21582072.0
7.08,7.19,6.99,7.15,15623355.0
7.01,7.04,6.45,6.46,4903100.0
6.64,6.69,6.08,6.45,18986484.0
6.41,6.41,5.81,5.82,24324425.0
5.86,6.04,5.67,5.99,15016684.0
6.01,6.09,5.6,5.7,13831636.0
5.5,6.0,5.5,5.99,12962322.0
6.0,6.14,5.75,5.8,11291114.0
5.66,6.02,5.6,5.9,10947743.0
5.91,6.22,5.9,6.17,11393447.0
6.15,6.22,5.89,6.03,13752365.0
5.93,6.1,5.75,5.76,10862324.0
5.88,5.93,5.71,5.91,7741998.0
5.98,6.08,5.9,5.99,8082174.0
5.9,5.94,5.39,5.41,15924710.0
5.49,5.52,5.01,5.39,15671369.0
5.3,5.42,5.03,5.07,9070912.0
5.12,5.36,5.08,5.3,9260599.0
5.24,5.36,5.1,5.18,8342845.0
5.2,5.41,5.2,5.39,9119232.0
5.31,5.44,5.28,5.4,6573115.0
5.42,5.56,5.4,5.52,10556149.0
5.53,5.62,5.38,5.42,14040673.0
5.16,5.45,5.12,5.42,9705124.0
5.43,5.69,5.39,5.68,12995959.0
5.64,5.8,5.59,5.78,12986576.0
5.79,5.84,5.69,5.72,12701247.0
5.74,5.83,5.7,5.76,8757302.0
5.74,5.83,5.7,5.76,8757302.0
5.74,5.83,5.7,5.76,8757302.0
5.74,5.83,5.7,5.76,8757302.0
5.74,5.83,5.7,5.76,8757302.0
5.74,5.83,5.7,5.76,8757302.0
5.74,5.83,5.7,5.76,8757302.0
5.74,5.83,5.7,5.76,8757302.0
5.74,5.83,5.7,5.76,8757302.0
5.74,5.83,5.7,5.76,8757302.0
5.74,5.83,5.7,5.76,8757302.0
5.76,6.34,5.75,6.34,37882674.0
6.45,6.59,6.0,6.35,40471077.0
6.11,6.23,6.02,6.03,17755162.0
6.05,6.16,5.81,5.82,11751468.0
5.82,5.82,5.65,5.72,8308570.0
5.8,6.03,5.79,5.93,12353353.0
5.98,6.19,5.9,6.0,14663572.0
6.07,6.1,5.83,5.96,12719804.0
5.96,6.12,5.96,6.11,18890181.0
6.14,6.56,6.08,6.49,29767128.0
6.66,6.85,6.48,6.59,33135912.0
6.5,7.25,6.4,7.25,29557840.0
7.98,7.98,7.26,7.29,81858121.0
7.1,7.39,6.95,6.96,48737671.0
6.91,6.93,6.66,6.77,31743174.0
6.82,6.91,6.71,6.79,23876386.0
6.8,6.84,6.47,6.59,17816083.0
6.62,6.83,6.61,6.79,21690586.0
6.76,6.86,6.57,6.66,28403427.0
6.61,6.65,6.44,6.57,16318606.0
6.58,6.76,6.56,6.74,24086723.0
6.69,6.78,6.65,6.72,18796295.0
6.83,6.9,6.7,6.73,27898581.0
6.6,6.62,6.4,6.47,21621322.0
6.55,6.77,6.5,6.71,20986165.0
6.64,6.72,6.48,6.65,17837837.0
6.69,7.03,6.68,6.93,41836567.0
6.9,6.9,6.72,6.8,33059969.0
6.78,6.81,6.7,6.75,15491958.0
6.69,6.69,6.55,6.64,13631195.0
6.65,6.69,6.56,6.65,8841616.0
6.66,6.69,6.05,6.18,17508128.0
6.1,6.35,6.1,6.15,13729664.0
6.12,6.27,6.07,6.25,8351443.0
6.16,6.37,6.06,6.35,10962664.0
6.33,6.39,6.27,6.39,7671657.0
6.41,6.43,6.34,6.37,8582700.0
6.35,6.6,6.14,6.52,19324841.0
6.48,6.7,6.44,6.58,19484197.0
6.6,6.8,6.6,6.78,26665010.0
6.72,6.9,6.64,6.81,23023789.0
6.79,6.99,6.72,6.76,18399364.0
6.76,6.85,6.3,6.33,22741557.0
6.28,6.3,6.08,6.28,17236616.0
6.2,6.43,6.2,6.33,14550163.0
6.34,6.45,6.22,6.33,15580075.0
6.24,6.5,6.12,6.43,22035509.0
6.36,6.58,6.31,6.47,22930555.0
6.41,6.78,6.34,6.75,32852810.0
6.7,6.85,6.52,6.59,27514155.0
6.51,6.58,6.15,6.42,23820422.0
6.38,6.76,6.3,6.72,36902801.0
6.65,6.72,6.5,6.68,23956033.0
6.64,6.77,6.6,6.75,24610421.0
6.7,6.72,6.41,6.52,16731192.0
6.57,6.68,6.38,6.42,15218755.0
6.34,6.43,6.11,6.41,20356687.0
6.38,6.42,6.3,6.31,10442659.0
6.25,6.35,6.21,6.24,6025733.0
6.22,6.49,6.22,6.46,19107205.0
6.46,6.62,6.4,6.55,21275204.0
6.55,6.75,6.51,6.74,31900673.0
6.7,6.78,6.63,6.64,21985071.0
6.67,6.92,6.63,6.89,34728274.0
6.84,6.88,6.73,6.76,23005507.0
6.75,6.98,6.6,6.81,28429782.0
6.7,7.04,6.6,6.62,38534254.0
6.64,6.7,6.32,6.51,21691806.0
6.38,6.99,6.36,6.88,37624674.0
6.8,7.17,6.8,7.16,53913377.0
7.09,7.2,6.96,7.11,38341454.0
7.09,7.3,7.06,7.13,30550252.0
7.13,7.17,6.8,6.92,32448095.0
6.88,7.07,6.85,7.06,18289016.0
7.01,7.07,6.77,6.83,19806225.0
6.83,6.95,6.6,6.82,23094556.0
6.75,6.99,6.73,6.96,17075329.0
6.92,7.1,6.83,7.06,21760679.0
7.07,7.08,6.98,6.99,16708815.0
7.0,7.14,6.99,7.05,22117974.0
7.05,7.35,7.02,7.11,25760051.0
7.03,7.23,6.99,7.18,25727841.0
7.16,7.29,7.13,7.24,21802024.0
7.24,7.3,7.16,7.25,18105146.0
7.22,7.33,7.11,7.16,17778622.0
7.16,7.23,7.11,7.17,13882369.0
7.16,7.23,7.13,7.14,18648400.0
7.12,7.19,6.93,7.15,20639064.0
7.15,7.23,7.12,7.18,17710516.0
7.17,7.23,7.14,7.22,15524357.0
7.22,7.36,7.2,7.25,21644550.0
7.28,7.28,7.08,7.12,13046978.0
7.1,7.16,7.02,7.14,11112306.0
7.13,7.24,7.1,7.17,11376184.0
7.28,7.86,7.26,7.47,52078402.0
7.49,7.54,7.31,7.41,27228429.0
7.36,7.68,7.31,7.63,31514957.0
7.58,7.69,7.53,7.68,21675829.0
7.68,7.68,6.97,7.05,38236719.0
7.07,7.12,6.87,6.99,19778099.0
6.97,7.15,6.95,7.03,18307674.0
6.99,7.14,6.88,7.1,15644592.0
7.07,7.2,7.06,7.19,16428454.0
7.19,7.25,7.09,7.17,14344389.0
7.15,7.39,7.15,7.38,21997206.0
7.36,7.56,7.33,7.41,20358674.0
7.27,7.59,7.27,7.48,15508033.0
7.48,7.58,7.42,7.49,13392196.0
7.55,7.77,7.46,7.47,23432678.0
7.56,7.71,7.47,7.52,27794099.0
7.47,7.58,7.35,7.5,16789282.0
7.46,7.66,7.35,7.63,27185621.0
7.62,7.9,7.54,7.78,33409284.0
7.8,7.95,7.64,7.89,27691746.0
8.15,8.16,7.72,7.76,31695216.0
7.79,8.05,7.66,7.96,23271391.0
8.01,8.35,7.89,8.21,42891313.0
8.17,8.28,8.0,8.12,20303252.0
8.12,8.26,8.01,8.14,16563926.0
8.14,8.14,7.93,8.06,14877555.0
8.07,8.15,7.99,8.01,13124821.0
8.03,8.04,7.72,7.84,17667270.0
7.84,7.88,7.7,7.75,10544014.0
7.68,7.84,7.66,7.76,10151538.0
7.77,7.83,7.7,7.78,10583580.0
7.8,7.8,7.48,7.71,18514110.0
7.66,7.75,7.6,7.63,9502867.0
7.61,8.04,7.59,7.91,17085810.0
7.88,8.22,7.85,8.01,20580547.0
8.04,8.15,7.92,8.06,16568597.0
8.02,8.19,7.89,8.06,12957886.0
7.89,8.05,7.76,7.89,17091913.0
7.9,8.24,7.87,8.21,31636140.0
8.13,8.3,8.1,8.16,17135209.0
8.16,8.19,8.06,8.16,11385459.0
8.15,8.16,7.9,8.07,14448601.0
8.03,8.18,7.85,7.94,43862268.0
7.99,8.07,7.73,7.76,30213976.0
7.82,7.99,7.74,7.97,25242948.0
8.04,8.04,7.65,7.69,15551972.0
7.78,8.07,7.65,8.06,29158951.0
8.09,8.14,7.99,8.01,20930160.0
8.1,8.15,7.91,7.95,20819737.0
7.9,8.02,7.85,7.9,11173309.0
7.96,8.24,7.85,8.19,29728263.0
8.25,8.25,8.09,8.19,16130224.0
8.19,8.2,8.07,8.16,14357329.0
8.19,8.24,8.12,8.18,17480617.0
8.2,8.21,7.96,8.04,18262023.0
8.02,8.06,7.8,7.86,14329075.0
7.88,8.01,7.84,8.0,9709523.0
8.02,8.03,7.88,7.94,12656691.0
7.9,7.97,7.86,7.93,7077220.0
7.94,8.06,7.78,8.02,18351847.0
8.0,8.04,7.96,8.0,12303720.0
8.02,8.03,7.87,7.88,11873700.0
7.89,7.92,7.82,7.89,9128934.0
7.88,7.88,7.81,7.88,6887048.0
7.88,7.88,7.75,7.76,11418152.0
7.79,7.79,7.58,7.62,8898929.0
7.65,7.78,7.62,7.75,7447443.0
7.77,7.77,7.55,7.64,11982038.0
7.64,7.7,7.58,7.66,8017442.0
7.62,7.7,7.56,7.64,8231933.0
7.6,7.82,7.58,7.75,8278086.0
7.81,7.81,7.73,7.77,7440905.0
7.84,7.85,7.69,7.75,10722350.0
7.8,7.92,7.75,7.91,17801591.0
8.0,8.01,7.92,7.95,15246193.0
7.98,8.15,7.95,8.09,21632678.0
8.1,8.12,7.99,8.06,12342740.0
8.1,8.11,8.0,8.08,13488693.0
8.05,8.05,7.93,7.99,16571750.0
8.06,8.06,7.86,7.87,13116277.0
7.89,7.95,7.82,7.88,10260679.0
7.88,8.02,7.84,8.02,13384087.0
8.02,8.03,7.86,7.87,11665145.0
7.87,8.03,7.84,7.95,10258175.0
7.92,8.08,7.77,8.02,17508326.0
8.03,8.1,7.94,8.01,12949352.0
7.96,8.12,7.88,7.94,17764583.0
7.89,7.95,7.78,7.83,11787709.0
7.84,7.89,7.73,7.78,8793958.0
7.79,7.81,7.64,7.67,7733157.0
7.64,7.75,7.58,7.66,6891410.0
7.66,7.98,7.66,7.97,18744965.0
7.94,8.04,7.89,8.0,17816335.0
7.99,8.28,7.93,8.07,22521451.0
8.13,8.25,8.0,8.01,14221999.0
7.98,8.03,7.59,7.61,16117497.0
7.69,7.76,7.58,7.7,6995800.0
7.68,7.78,7.62,7.7,6009367.0
7.69,7.89,7.69,7.87,11477666.0
7.9,8.07,7.84,7.97,17092998.0
7.99,8.16,7.93,8.1,18533802.0
8.05,8.23,7.95,8.18,23101522.0
8.19,8.23,8.05,8.14,12195331.0
8.13,8.34,8.06,8.28,22744068.0
8.31,8.33,8.0,8.01,17868880.0
8.01,8.28,7.92,8.26,17005676.0
8.25,8.48,8.18,8.28,25121465.0
8.19,8.3,8.1,8.12,15881470.0
8.12,8.15,7.99,8.03,12361319.0
8.05,8.11,8.0,8.04,10782300.0
8.14,8.16,7.93,7.99,17139219.0
8.0,8.67,7.93,8.51,43146271.0
8.36,8.6,8.36,8.49,28775364.0
8.41,8.57,8.35,8.49,22413742.0
8.5,8.74,8.45,8.53,19209717.0
8.54,8.54,8.3,8.31,15997086.0
8.3,8.61,8.23,8.47,24002694.0
8.44,8.69,8.33,8.58,24717175.0
8.55,8.61,8.02,8.11,23436915.0
8.13,8.14,7.3,7.66,27008086.0
7.42,7.59,7.15,7.49,16292614.0
7.55,7.63,7.45,7.49,8468999.0
7.5,7.55,7.39,7.43,6527328.0
7.42,7.59,7.4,7.57,8460052.0
7.58,7.63,7.48,7.59,8057650.0
7.58,7.63,7.51,7.57,7601800.0
7.55,7.63,7.54,7.59,5687001.0
7.6,7.65,7.55,7.63,7385786.0
7.65,7.65,7.5,7.55,6159006.0
7.55,7.6,7.51,7.59,5314947.0
7.57,7.63,7.54,7.6,5371790.0
7.67,7.85,7.64,7.76,14097172.0
7.72,7.81,7.68,7.81,11543317.0
7.78,7.94,7.75,7.8,13484262.0
7.86,7.91,7.76,7.81,7751421.0
7.78,7.85,7.74,7.81,5006322.0
7.81,7.81,7.63,7.65,10503224.0
7.69,7.71,7.6,7.67,7030659.0
7.63,7.72,7.61,7.64,6219731.0
7.65,7.86,7.65,7.84,8752984.0
7.8,7.86,7.75,7.83,6263936.0
7.85,7.89,7.78,7.88,8722130.0
7.85,7.88,7.72,7.79,7019909.0
7.75,7.97,7.75,7.95,13165448.0
7.93,7.97,7.77,7.8,9022943.0
7.84,7.86,7.77,7.85,6149010.0
7.82,7.89,7.77,7.83,7855223.0
7.84,7.85,7.69,7.7,6465700.0
7.68,7.69,7.61,7.67,6418339.0
7.67,7.77,7.67,7.76,6781012.0
7.75,7.75,7.68,7.73,6179430.0
7.74,7.74,7.61,7.63,6572550.0
7.61,7.67,7.58,7.63,5356832.0
7.63,7.65,7.57,7.58,4791800.0
7.58,7.6,7.46,7.6,5030213.0
7.58,7.62,7.47,7.56,8621417.0
7.55,7.68,7.47,7.67,9876618.0
7.68,7.71,7.6,7.69,10608181.0
7.69,7.69,7.52,7.54,7510098.0
7.55,7.58,7.45,7.53,7057826.0
7.5,7.56,7.49,7.53,5129659.0
7.51,7.51,7.32,7.42,8166328.0
7.41,7.43,7.29,7.34,7595254.0
7.35,7.4,7.29,7.38,5756403.0
7.38,7.41,7.35,7.36,4672401.0
7.39,7.41,7.31,7.34,4154223.0
7.33,7.4,7.31,7.33,5713693.0
7.31,7.34,7.16,7.18,7101034.0
7.18,7.22,7.12,7.2,4711479.0
7.2,7.34,7.19,7.33,4870689.0
7.33,7.34,7.25,7.27,5140598.0
7.27,7.28,7.21,7.22,4117300.0
7.22,7.23,7.06,7.08,8730380.0
7.08,7.16,7.06,7.15,5804084.0
7.14,7.17,7.08,7.1,4922827.0
7.13,7.16,7.09,7.15,3982600.0
7.15,7.15,6.8,6.84,11181744.0
6.87,6.99,6.84,6.88,6421638.0
6.88,6.89,6.66,6.71,5160247.0
6.69,6.72,6.31,6.54,10278075.0
6.5,6.55,6.37,6.43,5454064.0
6.44,6.45,6.27,6.38,5509604.0
6.36,6.4,5.97,5.99,8612682.0
6.0,6.1,6.0,6.01,4310119.0
6.04,6.09,5.98,6.03,4862602.0
6.02,6.33,5.82,6.29,10868729.0
6.22,6.29,6.18,6.23,5055652.0
6.23,6.32,6.21,6.26,5418695.0
6.29,6.29,6.19,6.26,3898030.0
6.23,6.33,6.18,6.27,5596042.0
6.27,6.27,6.17,6.2,3233087.0
6.15,6.17,6.0,6.02,3992500.0
6.09,6.14,5.99,6.08,5551122.0
6.04,6.1,5.98,5.99,4268172.0
5.91,5.95,5.66,5.83,7410913.0
5.79,5.92,5.77,5.84,4296182.0
5.82,5.95,5.75,5.87,3421366.0
5.87,6.0,5.82,5.99,3490017.0
6.0,6.05,5.95,5.98,3641285.0
5.95,6.03,5.9,5.94,4087499.0
5.95,5.96,5.9,5.94,1998800.0
5.94,5.97,5.76,5.78,3027183.0
5.77,5.79,5.5,5.52,4945800.0
5.5,5.55,5.33,5.52,6515962.0
5.49,5.63,5.39,5.58,5844191.0
5.56,5.64,5.53,5.57,4713721.0
5.61,5.71,5.55,5.56,4478933.0
5.55,5.59,5.3,5.37,4090537.0
5.31,5.43,5.2,5.41,5558934.0
5.4,5.47,5.39,5.44,3388029.0
5.41,5.65,5.4,5.59,6844077.0
5.53,5.7,5.53,5.69,7520222.0
5.7,5.72,5.63,5.64,3963842.0
5.66,5.7,5.61,5.67,3823925.0
5.65,5.65,5.51,5.53,3717331.0
5.53,5.69,5.53,5.67,4033699.0
5.63,5.7,5.63,5.67,4858094.0
5.66,5.79,5.66,5.76,5431768.0
5.77,5.92,5.75,5.81,9944910.0
5.81,5.93,5.79,5.9,5272369.0
5.88,5.93,5.83,5.86,4187210.0
5.87,5.89,5.77,5.85,4043351.0
5.86,5.87,5.72,5.72,4269700.0
5.73,5.78,5.58,5.68,5109421.0
5.68,6.18,5.66,5.93,11003533.0
5.9,5.93,5.84,5.9,6100692.0
5.9,5.9,5.77,5.79,4380845.0
5.78,5.83,5.77,5.82,4361449.0
5.81,5.82,5.76,5.81,2974402.0
5.81,5.84,5.77,5.83,3880336.0
5.83,6.1,5.81,6.02,15137599.0
6.03,6.48,5.95,6.39,31515830.0
6.32,6.37,6.22,6.36,15891498.0
6.31,6.32,6.19,6.26,10146987.0
6.27,6.68,6.27,6.37,19627393.0
6.3,6.37,6.17,6.18,11000357.0
6.15,6.29,6.04,6.2,8473824.0
6.2,6.27,6.16,6.25,5330800.0
6.25,6.25,6.1,6.18,4994005.0
6.11,6.19,5.73,5.77,9549644.0
5.78,5.88,5.71,5.86,4746644.0
5.85,6.05,5.83,6.03,7529967.0
6.0,6.08,5.97,6.07,6101266.0
6.06,6.12,6.0,6.07,5045616.0
6.06,6.22,6.03,6.19,8081440.0
6.25,6.25,6.05,6.09,6594701.0
6.09,6.11,5.94,6.09,6860538.0
6.05,6.14,5.99,6.11,7765501.0
6.1,6.17,6.05,6.14,6248035.0
6.12,6.21,6.08,6.2,7166790.0
6.21,6.21,6.09,6.13,6993941.0
6.11,6.13,5.98,6.0,6913111.0
6.0,6.12,5.9,6.07,5792172.0
6.21,6.38,6.14,6.18,14745105.0
6.1,6.14,6.02,6.13,6003616.0
6.13,6.18,6.08,6.12,4719938.0
6.12,6.13,6.05,6.11,4294324.0
6.11,6.11,5.97,6.03,5134900.0
5.98,6.01,5.8,5.81,7134217.0
5.8,5.95,5.79,5.92,3702342.0
5.91,5.94,5.89,5.92,3724572.0
5.93,5.99,5.91,5.96,3060522.0
5.97,6.04,5.97,6.03,4257213.0
5.98,5.98,5.87,5.92,8567268.0
5.93,6.03,5.92,6.02,5389558.0
6.02,6.03,5.93,5.95,3651912.0
5.95,5.95,5.87,5.93,3853996.0
5.92,5.93,5.79,5.88,3769700.0
5.89,5.97,5.87,5.95,5289100.0
5.99,6.01,5.92,6.0,5177600.0
5.99,6.0,5.93,5.96,4087410.0
5.93,5.97,5.93,5.95,2666010.0
5.93,5.95,5.85,5.93,5104102.0
5.9,5.97,5.87,5.96,5053953.0
5.94,5.99,5.91,5.98,5039500.0
5.98,6.07,5.96,6.04,8370222.0
6.03,6.06,5.98,6.05,6112810.0
6.05,6.13,6.0,6.01,7427790.0
6.01,6.09,5.99,6.04,4765677.0
6.06,6.21,6.04,6.19,11724529.0
6.19,6.45,6.13,6.23,16375454.0
6.17,6.3,6.15,6.26,8719990.0
6.23,6.29,6.14,6.19,6875460.0
6.14,6.2,6.11,6.15,5044867.0
6.17,6.18,6.12,6.16,4623635.0
6.17,6.21,6.1,6.13,6121388.0
6.14,6.18,6.08,6.17,4923979.0
6.18,6.25,6.11,6.12,6384218.0
6.12,6.13,5.96,5.99,9101165.0
5.95,6.04,5.85,5.89,4718200.0
5.9,5.92,5.83,5.89,3667513.0
5.89,5.97,5.89,5.95,3667754.0
5.95,5.99,5.88,5.89,5366568.0
5.88,5.93,5.82,5.84,6473001.0
5.93,5.98,5.89,5.97,5856295.0
5.98,6.02,5.91,6.01,4708945.0
6.02,6.13,5.98,6.11,8450131.0
6.1,6.11,6.01,6.02,5241202.0
6.02,6.06,5.99,6.05,4146800.0
6.05,6.05,5.91,5.96,6126305.0
5.94,6.0,5.91,5.96,2056901.0
5.96,6.12,5.94,6.01,8757478.0
6.0,6.0,5.82,5.87,8924300.0
5.89,5.91,5.82,5.9,2889588.0
5.91,5.91,5.85,5.91,2241300.0
5.88,5.92,5.85,5.89,2081174.0
5.88,5.94,5.86,5.92,3070978.0
5.91,6.0,5.88,5.96,3805379.0
5.95,5.95,5.85,5.86,3589600.0
5.86,5.87,5.64,5.69,5418540.0
5.67,5.7,5.57,5.63,6210700.0
5.63,5.68,5.54,5.54,5690600.0
5.56,5.57,5.42,5.43,5464800.0
5.41,5.44,5.36,5.43,3649338.0
5.44,5.47,5.39,5.46,2618800.0
5.47,5.53,5.46,5.51,3332256.0
5.48,5.57,5.48,5.5,3188700.0
5.49,5.56,5.44,5.56,4642233.0
5.49,5.68,5.47,5.65,7993021.0
5.59,5.68,5.49,5.62,6871008.0
5.59,5.63,5.51,5.53,3065000.0
5.55,5.6,5.5,5.52,3275717.0
5.52,5.54,5.47,5.51,2217700.0
5.54,5.54,5.22,5.26,6300283.0
5.25,5.26,5.12,5.21,4317341.0
5.2,5.26,5.16,5.19,3211941.0
5.19,5.22,5.13,5.19,2820866.0
5.2,5.2,5.06,5.12,3470966.0
5.1,5.12,5.0,5.03,3788000.0
5.03,5.04,4.96,4.97,2286442.0
4.99,5.05,4.98,5.03,1791177.0
5.01,5.05,4.96,5.04,2345500.0
5.03,5.04,4.9,4.96,4484933.0
4.93,5.0,4.92,4.98,2658400.0
4.97,5.0,4.92,4.93,2124100.0
4.91,4.97,4.81,4.84,5756002.0
4.84,4.9,4.71,4.85,4350390.0
4.82,4.84,4.78,4.82,3780540.0
4.81,4.93,4.78,4.93,3551733.0
4.92,4.96,4.89,4.94,2231565.0
4.93,4.94,4.83,4.84,1488616.0
4.85,4.88,4.82,4.87,1307902.0
4.87,4.93,4.83,4.93,2139900.0
4.93,5.04,4.88,5.01,4124809.0
5.01,5.09,4.97,5.02,4576504.0
5.03,5.08,5.0,5.06,2673688.0
5.09,5.23,5.06,5.09,7413891.0
5.06,5.09,4.93,4.99,3964933.0
5.0,5.07,4.94,5.05,3227990.0
5.06,5.06,4.98,5.01,2566820.0
5.01,5.04,4.98,5.02,1734600.0
5.02,5.03,4.97,4.98,1475200.0
4.99,5.02,4.95,4.96,1843603.0
4.95,5.04,4.88,5.02,2875282.0
5.04,5.07,4.98,5.05,3588634.0
5.06,5.11,5.03,5.1,3460649.0
5.1,5.11,5.07,5.1,2295629.0
5.11,5.12,5.06,5.1,2370900.0
5.1,5.12,5.05,5.1,2627632.0
5.1,5.11,5.04,5.08,2061366.0
5.09,5.09,4.99,4.99,2627400.0
4.99,5.0,4.92,4.97,4182890.0
4.96,4.99,4.93,4.97,2500393.0
4.96,4.97,4.83,4.84,3624621.0
4.84,4.86,4.79,4.84,1907723.0
4.84,4.89,4.8,4.88,1909900.0
4.88,4.89,4.85,4.88,1400279.0
4.87,4.94,4.8,4.89,2002200.0
4.89,4.97,4.84,4.93,2274307.0
4.95,4.96,4.87,4.93,2182435.0
4.92,4.93,4.87,4.93,1496672.0
4.91,4.97,4.9,4.95,2428399.0
4.94,5.0,4.93,4.99,4291628.0
4.99,5.0,4.83,4.87,2786682.0
4.87,4.92,4.85,4.85,1351199.0
4.85,4.87,4.67,4.69,4225402.0
4.7,4.72,4.22,4.22,11772896.0
4.23,4.23,3.99,4.09,9829329.0
4.05,4.08,3.92,4.07,3564666.0
4.0,4.14,3.96,4.1,7145502.0
4.12,4.15,4.0,4.09,3833100.0
4.16,4.28,4.12,4.2,3829724.0
4.1,4.14,4.04,4.12,3942752.0
4.14,4.23,4.13,4.22,2090768.0
4.22,4.25,4.18,4.19,1848600.0
4.16,4.22,4.15,4.17,1420349.0
4.25,4.47,4.2,4.32,4406635.0
4.29,4.3,4.24,4.28,2705311.0
4.29,4.35,4.26,4.33,3326034.0
4.32,4.34,4.3,4.31,1942551.0
4.31,4.31,4.25,4.29,1596063.0
4.3,4.38,4.27,4.37,3346387.0
4.35,4.49,4.34,4.37,4424233.0
4.36,4.38,4.33,4.37,2553133.0
4.36,4.42,4.33,4.42,4542631.0
4.41,4.42,4.36,4.39,2648300.0
4.39,4.41,4.37,4.41,2679383.0
4.41,4.51,4.38,4.49,4173555.0
4.49,4.57,4.47,4.56,3803245.0
4.56,4.61,4.51,4.54,4018910.0
4.56,4.56,4.44,4.45,4425500.0
4.43,4.45,4.35,4.41,2964193.0
4.39,4.46,4.39,4.41,2215785.0
4.41,4.63,4.41,4.52,6095001.0
4.47,4.51,4.43,4.49,3906556.0
4.49,4.56,4.47,4.5,4855802.0
4.5,4.63,4.5,4.63,7551000.0
4.66,4.66,4.26,4.38,7820487.0
4.28,4.38,3.95,4.37,4059087.0
4.44,4.48,4.37,4.45,3358789.0
4.4,4.43,4.35,4.39,2579200.0
4.39,4.45,4.36,4.44,2109810.0
4.46,4.49,4.43,4.48,2912502.0
4.55,4.67,4.52,4.57,6963200.0
4.5,4.96,4.44,4.68,10665300.0
4.6,4.65,4.57,4.6,4884855.0
4.55,4.62,4.53,4.55,2931870.0
4.51,4.61,4.5,4.58,2881945.0
4.57,4.63,4.55,4.56,2307652.0
4.55,4.55,4.41,4.41,4046554.0
4.41,4.45,4.34,4.4,1873011.0
4.41,4.43,4.32,4.35,1699906.0
4.35,4.42,4.25,4.27,2386296.0
4.31,4.4,4.24,4.35,2259860.0
4.4,4.44,4.34,4.38,2590001.0
4.37,4.38,4.24,4.24,2469300.0
4.26,4.29,4.2,4.24,1830101.0
4.24,4.35,4.23,4.32,2148200.0
4.3,4.41,4.28,4.37,2392990.0
4.35,4.41,4.32,4.34,2144900.0
4.33,4.36,4.24,4.27,2452859.0
4.27,4.34,4.22,4.29,2157109.0
4.33,4.33,4.24,4.31,1713845.0
4.27,4.33,4.25,4.3,2610490.0
4.3,4.38,4.3,4.37,3239632.0
4.38,4.66,4.34,4.57,12267435.0
4.51,4.61,4.49,4.54,7887246.0
4.6,4.74,4.55,4.71,13011855.0
4.68,4.7,4.6,4.63,8105601.0
4.64,4.66,4.56,4.62,5565685.0
4.61,4.62,4.51,4.59,5089100.0
4.65,4.76,4.59,4.67,11784788.0
4.61,4.73,4.6,4.69,7737324.0
4.65,4.8,4.65,4.78,9789299.0
4.94,4.94,4.75,4.81,9303602.0
4.81,4.85,4.75,4.8,5998677.0
4.8,4.8,4.72,4.73,4809802.0
4.73,4.84,4.71,4.76,3553500.0
4.73,4.79,4.65,4.65,3911002.0
4.68,4.79,4.63,4.77,5579951.0
4.75,4.94,4.71,4.86,12087015.0
4.8,4.81,4.63,4.69,7491793.0
4.72,5.01,4.71,5.0,18586133.0
4.95,5.02,4.82,4.92,13025670.0
4.91,4.98,4.85,4.92,7792052.0
4.93,4.95,4.82,4.93,8183868.0
4.95,5.05,4.9,4.91,11438360.0
4.9,4.94,4.83,4.89,7953609.0
4.88,4.88,4.7,4.7,8371303.0
4.68,4.72,4.58,4.68,5257110.0
4.67,4.69,4.52,4.62,4825462.0
4.62,4.62,4.43,4.44,4711100.0
4.4,4.48,4.36,4.37,3206500.0
4.4,4.4,4.19,4.23,3857040.0
4.24,4.24,3.81,3.82,7155128.0
3.86,3.91,3.73,3.88,5472000.0
3.89,3.92,3.7,3.71,4754702.0
3.68,3.81,3.67,3.8,3180500.0
3.81,3.9,3.8,3.82,3057131.0
3.79,3.85,3.76,3.84,2612700.0
3.84,3.88,3.82,3.84,2613359.0
3.88,3.91,3.82,3.84,2929429.0
3.83,3.94,3.83,3.93,3772025.0
3.92,3.97,3.85,3.86,2301402.0
3.9,3.91,3.83,3.89,2034650.0
3.89,3.92,3.73,3.83,2255389.0
3.83,3.86,3.75,3.77,1915904.0
3.75,3.82,3.71,3.75,2569100.0
3.75,3.85,3.75,3.85,2142830.0
3.86,3.87,3.78,3.85,2143402.0
3.8,3.8,3.59,3.7,3569510.0
3.7,3.8,3.69,3.79,2150030.0
3.8,3.8,3.75,3.79,1602600.0
3.79,3.81,3.75,3.77,1438334.0
3.74,3.83,3.74,3.83,3228440.0
3.82,3.93,3.81,3.91,4782062.0
3.9,3.9,3.75,3.77,3603450.0
3.76,3.83,3.73,3.81,1948700.0
3.88,4.19,3.88,3.99,8494879.0
4.0,4.06,3.86,4.04,7023050.0
3.96,4.01,3.95,3.99,3713601.0
3.99,4.08,3.97,4.01,4715765.0
3.96,4.04,3.96,4.0,2673102.0
3.97,4.01,3.9,3.93,2627000.0
4.08,4.32,4.03,4.32,21298408.0
4.22,4.34,4.08,4.1,17771863.0
4.05,4.08,3.78,3.98,13332669.0
3.95,3.99,3.89,3.95,6537000.0
3.94,3.96,3.8,3.82,4653400.0
3.82,3.92,3.8,3.91,4488776.0
3.91,3.93,3.84,3.87,3991264.0
3.87,3.95,3.84,3.95,3629500.0
3.93,3.95,3.9,3.94,2771803.0
3.9,3.93,3.82,3.93,2734740.0
3.94,3.95,3.89,3.93,2422640.0
3.91,3.92,3.82,3.83,2137800.0
3.8,3.86,3.73,3.8,2425233.0
3.81,3.84,3.7,3.73,1928400.0
3.73,3.78,3.71,3.78,1243511.0
3.8,3.86,3.8,3.85,2253658.0
3.82,3.85,3.78,3.8,1353900.0
3.8,3.85,3.78,3.82,1519000.0
3.79,3.86,3.79,3.82,1224940.0
3.85,3.89,3.83,3.88,1968002.0
3.88,3.95,3.85,3.9,3262320.0
3.89,3.89,3.83,3.87,2135102.0
3.86,3.91,3.84,3.84,2127880.0
3.83,3.85,3.78,3.79,2083108.0
3.76,3.79,3.72,3.78,1555800.0
3.75,3.83,3.75,3.82,1530102.0
3.8,3.82,3.76,3.77,1209200.0
3.74,3.81,3.72,3.75,917300.0
3.73,3.8,3.72,3.78,1830574.0
3.77,3.77,3.7,3.71,1711200.0
3.7,3.73,3.68,3.72,1105700.0
3.7,3.75,3.69,3.71,1447924.0
3.74,3.75,3.7,3.74,1347680.0
3.74,3.75,3.67,3.68,2272900.0
3.67,3.7,3.64,3.66,1908002.0
3.66,3.71,3.61,3.71,1476818.0
3.7,3.76,3.7,3.74,2091000.0
3.76,3.79,3.72,3.74,1768545.0
3.75,3.78,3.73,3.77,2730654.0
3.73,3.78,3.73,3.76,1460220.0
3.77,3.8,3.76,3.77,1764302.0
3.78,3.79,3.71,3.73,2118289.0
3.72,3.75,3.69,3.72,2223833.0
3.68,3.69,3.55,3.58,2897091.0
3.6,3.62,3.58,3.62,1060333.0
3.59,3.62,3.54,3.6,1667129.0
3.49,3.49,3.24,3.24,5871950.0
3.21,3.23,3.0,3.11,4865732.0
3.05,3.17,3.05,3.09,2508829.0
3.11,3.12,3.0,3.02,3254626.0
3.06,3.09,2.98,3.04,2743446.0
3.01,3.03,2.9,2.96,3060854.0
2.93,3.03,2.93,3.02,2505133.0
3.04,3.27,3.04,3.17,4493432.0
3.17,3.24,3.12,3.13,3029074.0
3.12,3.2,3.11,3.17,2273694.0
3.14,3.21,3.08,3.21,2285699.0
3.2,3.27,3.19,3.21,2429732.0
3.21,3.22,3.16,3.19,1612000.0
3.19,3.24,3.14,3.22,2311385.0
3.23,3.31,3.21,3.26,3190150.0
3.3,3.34,3.23,3.25,2978923.0
3.28,3.33,3.27,3.31,3753268.0
3.32,3.48,3.3,3.39,5715424.0
3.42,3.45,3.33,3.37,4690474.0
3.4,3.42,3.35,3.36,3739365.0
3.37,3.42,3.36,3.38,2760532.0
3.35,3.41,3.35,3.38,2802500.0
3.4,3.6,3.37,3.54,9562938.0
3.52,3.89,3.48,3.89,18160047.0
3.88,3.94,3.69,3.73,14887533.0
3.73,3.75,3.63,3.72,12890891.0
3.7,3.88,3.68,3.8,14220073.0
3.83,4.08,3.81,3.93,19525002.0
3.86,3.89,3.73,3.75,10628596.0
3.75,3.81,3.7,3.79,4873501.0
3.83,3.84,3.76,3.79,3588612.0
3.78,3.78,3.51,3.52,7057300.0
3.51,3.6,3.5,3.54,2690537.0
3.56,3.63,3.56,3.63,3643365.0
3.68,3.74,3.63,3.7,5520460.0
3.7,3.72,3.58,3.59,4764205.0
3.62,3.68,3.58,3.68,4610700.0
3.74,3.83,3.72,3.78,7326383.0
3.76,3.86,3.7,3.84,7174429.0
3.76,3.81,3.71,3.76,4089206.0
3.75,3.76,3.64,3.65,3740700.0
3.63,3.72,3.63,3.67,1955236.0
3.67,3.67,3.6,3.65,1926336.0
3.69,3.71,3.61,3.64,1855302.0
3.64,3.66,3.62,3.64,1911837.0
3.66,3.71,3.59,3.68,4333838.0
3.68,3.7,3.59,3.59,3127400.0
3.61,3.62,3.57,3.59,1424401.0
3.57,3.6,3.54,3.59,2163700.0
3.6,3.6,3.54,3.57,1097200.0
3.57,3.59,3.52,3.56,1150900.0
3.56,3.56,3.5,3.53,1068200.0
3.53,3.55,3.5,3.53,1309301.0
3.48,3.52,3.34,3.44,3784300.0
3.42,3.47,3.4,3.43,902400.0
3.47,3.5,3.36,3.38,1554400.0
3.4,3.42,3.36,3.37,994402.0
3.37,3.4,3.36,3.37,1403800.0
3.37,3.43,3.37,3.4,1670400.0
3.37,3.48,3.34,3.47,2129801.0
3.48,3.55,3.47,3.54,2696301.0
3.52,3.59,3.5,3.53,2133900.0
3.75,3.88,3.75,3.88,7168351.0
4.27,4.27,3.87,3.88,35766972.0
3.68,3.8,3.66,3.7,19186565.0
3.71,3.74,3.64,3.65,6676806.0
3.65,3.73,3.63,3.7,6313966.0
3.67,3.71,3.63,3.67,4964581.0
3.66,3.69,3.63,3.64,3690000.0
3.64,3.67,3.61,3.64,2974010.0
3.66,3.71,3.63,3.67,3663877.0
3.67,3.7,3.62,3.63,2924305.0
3.64,3.67,3.61,3.65,2664018.0
3.67,3.68,3.64,3.65,2972602.0
3.65,3.7,3.63,3.64,2793800.0
3.64,3.69,3.59,3.6,3499900.0
3.61,3.62,3.44,3.53,3485382.0
3.48,3.55,3.47,3.51,1673357.0
3.53,3.6,3.51,3.54,3233501.0
3.54,3.6,3.53,3.59,2751889.0
3.59,3.69,3.59,3.69,3967800.0
3.69,3.77,3.66,3.76,5626946.0
3.73,3.83,3.72,3.8,6859931.0
3.78,3.83,3.77,3.79,4927928.0
3.79,3.82,3.74,3.76,4320710.0
3.77,3.89,3.77,3.87,6290940.0
3.87,3.93,3.82,3.88,5847304.0
3.87,4.02,3.84,3.96,8373283.0
4.1,4.1,3.92,3.94,15637702.0
3.88,3.99,3.86,3.99,9115510.0
4.0,4.39,3.99,4.39,22381832.0
4.35,4.35,4.26,4.28,19282231.0
4.28,4.32,4.19,4.23,8215903.0
4.21,4.28,4.18,4.2,6683127.0
4.21,4.29,4.2,4.28,8162229.0
4.28,4.44,4.28,4.31,11641980.0
4.3,4.38,4.28,4.37,19135878.0
4.39,4.51,4.33,4.48,19207572.0
4.46,4.53,4.41,4.5,16582933.0
4.49,4.49,4.25,4.25,13326133.0
4.25,4.51,4.25,4.5,13461927.0
4.52,4.61,4.45,4.52,13248275.0
4.48,4.67,4.43,4.52,13731595.0
4.5,4.52,4.22,4.27,10233156.0
4.27,4.65,4.27,4.54,17100794.0
4.51,4.62,4.4,4.57,13137717.0
4.56,4.62,4.49,4.55,9026300.0
4.55,4.55,4.38,4.5,8518044.0
4.46,4.72,4.46,4.63,13648414.0
4.63,4.73,4.55,4.73,12579117.0
4.7,4.82,4.62,4.66,13772041.0
4.67,4.73,4.53,4.56,10172171.0
4.56,4.63,4.5,4.57,7537177.0
4.62,4.64,4.43,4.45,6561344.0
4.48,4.65,4.39,4.63,7765233.0
4.65,4.8,4.63,4.76,10437752.0
4.81,4.88,4.76,4.77,9169515.0
4.79,4.95,4.75,4.92,10536524.0
4.89,5.02,4.87,4.95,11953855.0
4.99,5.0,4.78,4.89,11554267.0
4.89,5.15,4.89,5.09,16982182.0
4.99,5.04,4.85,4.95,12730685.0
4.9,4.97,4.82,4.83,7428563.0
4.82,4.88,4.77,4.84,4543505.0
4.88,4.92,4.82,4.83,4996054.0
4.81,4.9,4.76,4.88,4567223.0
4.87,4.97,4.85,4.91,6448614.0
5.09,5.35,5.0,5.0,25447601.0
4.9,4.98,4.84,4.95,15573734.0
4.95,4.95,4.84,4.85,7751765.0
4.84,4.88,4.75,4.76,5682103.0
4.78,4.82,4.69,4.81,5768245.0
4.81,4.82,4.56,4.56,6111300.0
4.57,4.6,4.44,4.47,4483512.0
4.49,4.57,4.35,4.35,6337337.0
4.4,4.79,4.4,4.79,28253269.0
4.56,5.05,4.44,4.82,41176586.0
4.85,5.17,4.71,5.14,36454880.0
4.95,5.24,4.83,4.86,32241453.0
4.71,4.84,4.5,4.6,18993726.0
4.64,4.79,4.51,4.75,17191181.0
4.7,5.23,4.64,5.23,35076399.0
5.2,5.46,5.14,5.25,49787515.0
5.37,5.46,5.2,5.4,39726260.0
5.3,5.83,5.24,5.56,39864439.0
5.47,5.5,5.12,5.24,30713429.0
5.25,5.27,4.96,5.19,16310379.0
5.2,5.6,5.16,5.54,35231100.0
5.53,5.53,5.26,5.31,23491159.0
5.31,5.31,5.07,5.14,15126641.0
5.11,5.21,4.86,4.9,16946117.0
4.9,5.15,4.85,5.14,16305679.0
5.14,5.16,5.0,5.01,14510686.0
5.03,5.07,4.98,4.99,9758117.0
4.88,4.94,4.77,4.88,12439832.0
4.91,4.93,4.72,4.74,10511405.0
4.78,4.78,4.46,4.55,11953564.0
4.58,4.58,4.35,4.41,8835417.0
4.47,4.5,4.4,4.41,5552266.0
4.42,4.42,4.26,4.28,6617252.0
4.29,4.38,4.29,4.37,4491910.0
4.37,4.55,4.34,4.54,7924982.0
4.53,4.58,4.43,4.46,5631040.0
4.46,4.5,4.37,4.45,4669670.0
4.45,4.48,4.33,4.34,4346200.0
4.34,4.4,4.32,4.35,3410400.0
4.37,4.39,4.34,4.38,2264602.0
4.45,4.53,4.4,4.43,5759870.0
4.38,4.54,4.37,4.53,8305304.0
4.52,4.56,4.48,4.53,7739102.0
4.5,4.55,4.5,4.55,4746292.0
4.57,4.57,4.48,4.5,4015410.0
4.49,4.55,4.45,4.5,3087320.0
4.5,4.54,4.5,4.52,3695851.0
4.49,4.53,4.42,4.44,3925724.0
4.53,4.61,4.5,4.61,7956735.0
4.58,4.63,4.58,4.61,4351631.0
4.61,4.62,4.55,4.6,3602500.0
4.56,4.62,4.54,4.57,3383433.0
4.59,4.59,4.55,4.57,2490701.0
4.55,4.55,4.32,4.36,5614293.0
4.35,4.4,4.28,4.32,3260700.0
4.33,4.45,4.32,4.38,3396062.0
4.39,4.45,4.35,4.36,3437612.0
4.37,4.44,4.31,4.4,3076600.0
4.39,4.45,4.34,4.43,2398093.0
4.45,4.45,4.39,4.42,2570100.0
4.42,4.44,4.39,4.42,2338400.0
4.41,4.42,4.32,4.35,2932300.0
4.38,4.38,4.32,4.33,3116287.0
4.33,4.34,4.15,4.17,4946000.0
4.18,4.26,4.15,4.24,2149200.0
4.22,4.35,4.22,4.3,2606900.0
4.27,4.34,4.27,4.33,2435132.0
4.35,4.4,4.27,4.39,4196021.0
4.44,4.44,4.31,4.36,2798800.0
4.33,4.41,4.32,4.41,3006602.0
4.66,4.85,4.57,4.57,31057018.0
4.43,4.47,4.33,4.38,20527559.0
4.26,4.29,4.22,4.25,8909497.0
4.25,4.26,4.17,4.19,5281611.0
4.11,4.11,3.9,4.02,7404555.0
4.04,4.09,3.99,4.04,4467864.0
4.07,4.09,4.03,4.06,3931314.0
4.05,4.1,4.02,4.05,2918832.0
4.05,4.11,4.03,4.1,2713009.0
4.05,4.06,4.01,4.05,1988621.0
4.09,4.11,4.02,4.03,3605800.0
3.91,4.06,3.86,4.04,2728806.0
4.02,4.08,4.02,4.05,1997899.0
4.06,4.19,4.04,4.18,4131500.0
4.18,4.21,4.14,4.16,2491712.0
4.17,4.19,4.13,4.17,2767500.0
4.2,4.26,4.15,4.26,5159018.0
