code,name,c_name
600757,长江传媒,传媒娱乐
600831,广电网络,传媒娱乐
600373,中文传媒,传媒娱乐
600551,时代出版,传媒娱乐
600854,春兰股份,家电行业
600870,厦华电子,家电行业
600983,惠而浦,家电行业
600336,澳柯玛,家电行业
600699,均胜电子,汽车制造
600303,曙光股份,汽车制造
600093,易见股份,汽车制造
600267,海正药业,生物制药
600252,中恒集团,生物制药
600196,复星医药,生物制药
600200,江苏吴中,生物制药
600198,大唐电信,电子信息
600288,大恒科技,电子信息
600485,信威集团,电子信息
600076,康欣新材,电子信息
